{
  "code": 200,
  "message": "Success",
  "data": {
    "l1_award": null,
    "l3_conference": null,
    "l4_journal": null,
    "l5_patent": null,
    "l51_book": null,
    "all_achievement": [
      {
        "id": "4e70055574b942b893dac8298e46162d",
        "productType": "4",
        "zhTitle": "Microstructure and Mechanical Properties of TiC/TiB Composite CeramicCoatings In-Situ Synthesized by Ultrasonic Vibration-Assisted Laser Cladding",
        "authors": "Mi Hangbiao;Chen Tao;Deng Zixin;Li Shengcheng;Liu Jian;Liu Defu",
        "publishYear": "2022",
        "journalName": "Coatings",
        "country": "",
        "listInfo": " SCIE",
        "pageRange": "-",
        "rewardType": "",
        "rewardRank": "",
        "issuedBy": "",
        "patentNo": "",
        "issuingUnit": "",
        "isbn": "",
        "publisher": "",
        "projectInfo": [
          {
            "prj_no": "25685351234db0bbca64a698d25e552c",
            "prj_zh_title": "激光熔覆制备人工关节面纳米陶瓷涂层的成形机理及其摩擦学行为研究",
            "prj_org_name": "中南大学",
            "prj_grant_name": "面上项目"
          }
        ],
        "hasFullText": "ZD9792038",
        "paperVisitCount": 5659460,
        "paperDownloadCount": 555
      },
      {
        "id": "fc121a2bbffa371e0f4ecdfce8aa7461",
        "productType": "4",
        "zhTitle": "Probing the biophysical properties of tumor cells during mitosis by atomic force microscopy",
        "authors": "Jiang Ningcheng;You Minghai;Wang Yuhua;Huang Yide;Xie Shusen;Lin Yao;Yang Hongqin",
        "publishYear": "2018",
        "journalName": "Biomechanics and Modeling in Mechanobiology",
        "country": "",
        "listInfo": " SCIE",
        "pageRange": "1209#1215",
        "rewardType": "",
        "rewardRank": "",
        "issuedBy": "",
        "patentNo": "",
        "issuingUnit": "",
        "isbn": "",
        "publisher": "",
        "projectInfo": [
          {
            "prj_no": "14c5cf2981d6d30fa3993ee7be62c13a",
            "prj_zh_title": "经穴效应细胞分子机理光学表征",
            "prj_org_name": "福建师范大学",
            "prj_grant_name": "重点项目"
          }
        ],
        "hasFullText": "",
        "paperVisitCount": 6290,
        "paperDownloadCount": 0
      },
      {
        "id": "e57a458466841867480c27df6a62b802",
        "productType": "5",
        "zhTitle": "基于端对端深度学习的目标检测与语义分割的并行方法",
        "authors": "胡海峰;尹靓璐",
        "publishYear": "2018",
        "journalName": "",
        "country": "中国",
        "listInfo": "无",
        "pageRange": "-",
        "rewardType": "",
        "rewardRank": "",
        "issuedBy": "",
        "patentNo": " 201811407476.1",
        "issuingUnit": "中华人民共和国国家知识产权局",
        "isbn": "",
        "publisher": "",
        "projectInfo": [
          {
            "prj_no": "b2552014bb8c0b73dda73877a480b85b",
            "prj_zh_title": "基于图像集人脸识别关键技术研究",
            "prj_org_name": "中山大学",
            "prj_grant_name": "面上项目"
          }
        ],
        "hasFullText": "",
        "paperVisitCount": 4339,
        "paperDownloadCount": 0
      },
      {
        "id": "a4ab1d3c720f21ff323b2b584ea6e1cf",
        "productType": "4",
        "zhTitle": "复杂系统视角下的智慧城市生态分析与推进思路",
        "authors": "顾洁",
        "publishYear": "2019",
        "journalName": "上海城市管理",
        "country": "",
        "listInfo": "无",
        "pageRange": "18#23",
        "rewardType": "",
        "rewardRank": "",
        "issuedBy": "",
        "patentNo": "",
        "issuingUnit": "",
        "isbn": "",
        "publisher": "",
        "projectInfo": [
          {
            "prj_no": "33395400eef73db102b607e4441f4add",
            "prj_zh_title": "社交媒体中的品牌竞争扩散机理分析及影响因素研究",
            "prj_org_name": "上海社会科学院",
            "prj_grant_name": "青年科学基金项目"
          }
        ],
        "hasFullText": "",
        "paperVisitCount": 2664,
        "paperDownloadCount": 0
      },
      {
        "id": "9194d45da3f167442ba729bd13197ab5",
        "productType": "4",
        "zhTitle": "糖脂代谢病中医证候分布规律的现代文献研究",
        "authors": "黄婧文;郭姣",
        "publishYear": "2019",
        "journalName": "世界中医药",
        "country": "",
        "listInfo": "无",
        "pageRange": "1#5",
        "rewardType": "",
        "rewardRank": "",
        "issuedBy": "",
        "patentNo": "",
        "issuingUnit": "",
        "isbn": "",
        "publisher": "",
        "projectInfo": [
          {
            "prj_no": "8c987341b523ad36595da70e052cca99",
            "prj_zh_title": "调肝启枢化浊法防治糖尿病冠心病效应特点及机制研究",
            "prj_org_name": "广东药科大学",
            "prj_grant_name": "重点项目"
          }
        ],
        "hasFullText": "22026536437",
        "paperVisitCount": 2337,
        "paperDownloadCount": 648
      },
      {
        "id": "5df4a50adcde98214e6f1bef89e6ab6a",
        "productType": "4",
        "zhTitle": "中美经贸摩擦的影响评估与应对方案",
        "authors": "王孝松;武睆",
        "publishYear": "2020",
        "journalName": "国际商务",
        "country": "",
        "listInfo": "无",
        "pageRange": "1#18",
        "rewardType": "",
        "rewardRank": "",
        "issuedBy": "",
        "patentNo": "",
        "issuingUnit": "",
        "isbn": "",
        "publisher": "",
        "projectInfo": [
          {
            "prj_no": "74b9080ed0c2a09136ec37663298aba1",
            "prj_zh_title": "贸易壁垒与中国企业参与全球价值链问题研究",
            "prj_org_name": "中国人民大学",
            "prj_grant_name": "面上项目"
          }
        ],
        "hasFullText": "",
        "paperVisitCount": 2005,
        "paperDownloadCount": 0
      },
      {
        "id": "2e3eb1e2ddb926fb9d989ecfcc13369e",
        "productType": "4",
        "zhTitle": "基于复杂性科学理论的中国老年人共病护理管理模式研究",
        "authors": "吴婷婷;路云;艾丹丹;陈辰;常峰",
        "publishYear": "2019",
        "journalName": "中国全科医学",
        "country": "",
        "listInfo": " 北大中文核心期刊",
        "pageRange": "4197#4201",
        "rewardType": "",
        "rewardRank": "",
        "issuedBy": "",
        "patentNo": "",
        "issuingUnit": "",
        "isbn": "",
        "publisher": "",
        "projectInfo": [
          {
            "prj_no": "e843c2e3e9b4c10d8423054dbfa8b9c5",
            "prj_zh_title": "基于社会网络理论的老年慢性病健康管理最优模式研究",
            "prj_org_name": "中国药科大学",
            "prj_grant_name": "面上项目"
          }
        ],
        "hasFullText": "",
        "paperVisitCount": 1930,
        "paperDownloadCount": 12
      },
      {
        "id": "9f82cf909a9e2289b01cba3281404b1f",
        "productType": "4",
        "zhTitle": "Spatiotemporal representation learning for rescue route selection: An optimized regularization based method",
        "authors": "Li Xiaolin;Niu Xiaotong;Liu Guannan",
        "publishYear": "2021",
        "journalName": "Electronic Commercial Research and Application",
        "country": "",
        "listInfo": " SCIE, SSCI",
        "pageRange": "-",
        "rewardType": "",
        "rewardRank": "",
        "issuedBy": "",
        "patentNo": "",
        "issuingUnit": "",
        "isbn": "",
        "publisher": "",
        "projectInfo": [
          {
            "prj_no": "3dc2e88cd518f1c1ecdfb2a5a9cd58fd",
            "prj_zh_title": "基于机器学习的大学生学业预警技术研究",
            "prj_org_name": "南京大学",
            "prj_grant_name": "面上项目"
          }
        ],
        "hasFullText": "",
        "paperVisitCount": 1412,
        "paperDownloadCount": 0
      },
      {
        "id": "3558da930eb42b531033691a2795abaf",
        "productType": "5",
        "zhTitle": "基于堆叠沙漏网络的关键特征区域匹配人脸识别方法",
        "authors": "胡海峰;冯燊明",
        "publishYear": "2018",
        "journalName": "",
        "country": "中国",
        "listInfo": "无",
        "pageRange": "-",
        "rewardType": "",
        "rewardRank": "",
        "issuedBy": "",
        "patentNo": "201811520482.8",
        "issuingUnit": "中华人民共和国国家知识产权局",
        "isbn": "",
        "publisher": "",
        "projectInfo": [
          {
            "prj_no": "b2552014bb8c0b73dda73877a480b85b",
            "prj_zh_title": "基于图像集人脸识别关键技术研究",
            "prj_org_name": "中山大学",
            "prj_grant_name": "面上项目"
          }
        ],
        "hasFullText": "",
        "paperVisitCount": 1178,
        "paperDownloadCount": 0
      },
      {
        "id": "76f7d5c9690ba0dd4be99d8431ee7c8d",
        "productType": "4",
        "zhTitle": "Age-Related Factor Guided Joint Task Modeling Convolutional Neural Network for Cross-Age Face Recognition",
        "authors": "Li Haoxi;Hu Haifeng;Yip Chitung",
        "publishYear": "2018",
        "journalName": "IEEE Transactions on Information Forensics and Security",
        "country": "",
        "listInfo": " SCIE",
        "pageRange": "2383#2392",
        "rewardType": "",
        "rewardRank": "",
        "issuedBy": "",
        "patentNo": "",
        "issuingUnit": "",
        "isbn": "",
        "publisher": "",
        "projectInfo": [
          {
            "prj_no": "b2552014bb8c0b73dda73877a480b85b",
            "prj_zh_title": "基于图像集人脸识别关键技术研究",
            "prj_org_name": "中山大学",
            "prj_grant_name": "面上项目"
          }
        ],
        "hasFullText": "",
        "paperVisitCount": 1146,
        "paperDownloadCount": 0
      }
    ],
    "itotalRecords": 1674428
  }
}