{
  "code": 200,
  "message": "Success",
  "data": {
    "l1_award": null,
    "l3_conference": null,
    "l4_journal": null,
    "l5_patent": null,
    "l51_book": null,
    "all_achievement": [
      {
        "id": "970dbe23266ace393c532ff9df384e5a",
        "productType": "4",
        "zhTitle": "Quantifying quantum non-Markovianity via max-relative entropy`",
        "authors": "Luo Yu;Li Yongming",
        "publishYear": "2019",
        "journalName": "Chinese Physics B",
        "country": "",
        "listInfo": " SCIE",
        "pageRange": "0#040301",
        "rewardType": "",
        "rewardRank": "",
        "issuedBy": "",
        "patentNo": "",
        "issuingUnit": "",
        "isbn": "",
        "publisher": "",
        "projectInfo": [
          {
            "prj_no": "5abefd6cda262b940f97966686193bc2",
            "prj_zh_title": "基于不确定测度的定量时序逻辑的表示与可判定性研究",
            "prj_org_name": "陕西师范大学",
            "prj_grant_name": "面上项目"
          }
        ],
        "hasFullText": "",
        "paperVisitCount": 413,
        "paperDownloadCount": 0
      },
      {
        "id": "25a861f616c4403d2d504f5f709db86d",
        "productType": "3",
        "zhTitle": "Partially Shared Multi-task Convolutional Neural Network with Local Constraint for Face Attribute Learning",
        "authors": "Jiajiong Cao;Yingming Li;Zhongfei Zhang",
        "publishYear": "2018",
        "journalName": "2018 IEEE/CVF Conference on Computer Vision and Pattern Recognition",
        "country": "",
        "listInfo": "无",
        "pageRange": "4290#4299",
        "rewardType": "",
        "rewardRank": "",
        "issuedBy": "",
        "patentNo": "",
        "issuingUnit": "",
        "isbn": "",
        "publisher": "",
        "projectInfo": [
          {
            "prj_no": "05df3c6a3c154e0cfcb5dfb9e92435f2",
            "prj_zh_title": "面向多媒体数据排序的深度学习研究",
            "prj_org_name": "浙江大学",
            "prj_grant_name": "面上项目"
          },
          {
            "prj_no": "75d06808f827cd97a1a3ce406793543b",
            "prj_zh_title": "多任务深度学习研究",
            "prj_org_name": "浙江大学",
            "prj_grant_name": "青年科学基金项目"
          }
        ],
        "hasFullText": "ZD7942080",
        "paperVisitCount": 413,
        "paperDownloadCount": 5
      },
      {
        "id": "01ede81bf57e64598e59e3b49419b281",
        "productType": "3",
        "zhTitle": "Hierarchical Attention Network for Image Captioning",
        "authors": "Wang Weixuan;Chen Zhihong;Hu Haifeng",
        "publishYear": "2019",
        "journalName": "33rd AAAI Conference on Artificial Intelligence / 31st Innovative Applications of Artificial Intelligence Conference / 9th AAAI Symposium on Educational Advances in Artificial Intelligence",
        "country": "",
        "listInfo": "无",
        "pageRange": "8957#8964",
        "rewardType": "",
        "rewardRank": "",
        "issuedBy": "",
        "patentNo": "",
        "issuingUnit": "",
        "isbn": "",
        "publisher": "",
        "projectInfo": [
          {
            "prj_no": "b2552014bb8c0b73dda73877a480b85b",
            "prj_zh_title": "基于图像集人脸识别关键技术研究",
            "prj_org_name": "中山大学",
            "prj_grant_name": "面上项目"
          }
        ],
        "hasFullText": "",
        "paperVisitCount": 410,
        "paperDownloadCount": 0
      },
      {
        "id": "68f56cb3d8f9df6d5876260ecf1804de",
        "productType": "4",
        "zhTitle": "模糊线性时序逻辑的可实现性",
        "authors": "范艳焕;李永明",
        "publishYear": "2018",
        "journalName": "电子学报",
        "country": "",
        "listInfo": "无",
        "pageRange": "341#346",
        "rewardType": "",
        "rewardRank": "",
        "issuedBy": "",
        "patentNo": "",
        "issuingUnit": "",
        "isbn": "",
        "publisher": "",
        "projectInfo": [
          {
            "prj_no": "5abefd6cda262b940f97966686193bc2",
            "prj_zh_title": "基于不确定测度的定量时序逻辑的表示与可判定性研究",
            "prj_org_name": "陕西师范大学",
            "prj_grant_name": "面上项目"
          }
        ],
        "hasFullText": "",
        "paperVisitCount": 410,
        "paperDownloadCount": 0
      },
      {
        "id": "861158bf4dc269bc26afbce5b67b16c1",
        "productType": "4",
        "zhTitle": "猪脱细胞软骨基质生物相容性及细胞毒性评价系统的建立",
        "authors": "王效;徐宏光;肖良;刘晨;金中行;沈阳",
        "publishYear": "2018",
        "journalName": "中国组织工程研究",
        "country": "",
        "listInfo": " 北大中文核心期刊, 其他",
        "pageRange": "3539#3544",
        "rewardType": "",
        "rewardRank": "",
        "issuedBy": "",
        "patentNo": "",
        "issuingUnit": "",
        "isbn": "",
        "publisher": "",
        "projectInfo": [
          {
            "prj_no": "96dfe93f22337041db03c4ca6af8c74f",
            "prj_zh_title": "力学敏感MicroRNA在张力诱导终板软骨退变中的作用机制",
            "prj_org_name": "皖南医学院",
            "prj_grant_name": "面上项目"
          }
        ],
        "hasFullText": "1100000642586",
        "paperVisitCount": 408,
        "paperDownloadCount": 1
      },
      {
        "id": "e245b7853a9353445d1ab3e766b9b19f",
        "productType": "4",
        "zhTitle": "模糊状态转移函数对加权自动机计算能力的影响",
        "authors": "赵路瑶;王海辉;李平",
        "publishYear": "2020",
        "journalName": "模糊系统与数学",
        "country": "",
        "listInfo": " 北大中文核心期刊",
        "pageRange": "127#133",
        "rewardType": "",
        "rewardRank": "",
        "issuedBy": "",
        "patentNo": "",
        "issuingUnit": "",
        "isbn": "",
        "publisher": "",
        "projectInfo": [
          {
            "prj_no": "c32d0ce5eec53755af58409c714ec217",
            "prj_zh_title": "量子逻辑的代数结构与量子测度理论的研究",
            "prj_org_name": "陕西师范大学",
            "prj_grant_name": "面上项目"
          }
        ],
        "hasFullText": "",
        "paperVisitCount": 405,
        "paperDownloadCount": 0
      },
      {
        "id": "99e9620015dc57f6a9cf1f7504878256",
        "productType": "4",
        "zhTitle": "epsilon-Bisimulation Relations for Fuzzy Automata",
        "authors": "Yang Chao;Li Yongming",
        "publishYear": "2018",
        "journalName": "IEEE Transactions on Fuzzy Systems",
        "country": "",
        "listInfo": " SCIE",
        "pageRange": "2017#2029",
        "rewardType": "",
        "rewardRank": "",
        "issuedBy": "",
        "patentNo": "",
        "issuingUnit": "",
        "isbn": "",
        "publisher": "",
        "projectInfo": [
          {
            "prj_no": "5abefd6cda262b940f97966686193bc2",
            "prj_zh_title": "基于不确定测度的定量时序逻辑的表示与可判定性研究",
            "prj_org_name": "陕西师范大学",
            "prj_grant_name": "面上项目"
          }
        ],
        "hasFullText": "",
        "paperVisitCount": 400,
        "paperDownloadCount": 0
      },
      {
        "id": "946db59a90d94c2dc17264eb9d8e069a",
        "productType": "5",
        "zhTitle": "一种基于三重特征选择和增量学习的在线流分类方法",
        "authors": "王兴伟;赵伟莨;王卓楠;贾杰",
        "publishYear": "2022",
        "journalName": "",
        "country": "中国",
        "listInfo": "无",
        "pageRange": "-",
        "rewardType": "",
        "rewardRank": "",
        "issuedBy": "",
        "patentNo": "CN202210714868.2",
        "issuingUnit": "国家知识产权局",
        "isbn": "",
        "publisher": "",
        "projectInfo": [
          {
            "prj_no": "44fd2e45882ba8775ba22d5d34373941",
            "prj_zh_title": "基于群智演化的移动机器人网络协同决策及任务调度方法研究",
            "prj_org_name": "东北大学",
            "prj_grant_name": "面上项目"
          }
        ],
        "hasFullText": "",
        "paperVisitCount": 399,
        "paperDownloadCount": 0
      },
      {
        "id": "065f65ceb86bc32e97461c8a70e93b36",
        "productType": "4",
        "zhTitle": "Mobility Management for Intro/Inter Domain Handover in Software-Defined Networks",
        "authors": "Yuanguo Bi;Guangjie Han;Chuan Lin;Mohsen Guizani;Xingwei Wang",
        "publishYear": "2019",
        "journalName": "IEEE Journal on Selected Areas in Communications",
        "country": "",
        "listInfo": " SCIE",
        "pageRange": "1739#1754",
        "rewardType": "",
        "rewardRank": "",
        "issuedBy": "",
        "patentNo": "",
        "issuingUnit": "",
        "isbn": "",
        "publisher": "",
        "projectInfo": [
          {
            "prj_no": "a777becf13b1176928f7f6561fa97238",
            "prj_zh_title": "网联汽车群体智能协同网络通信的决策理论和方法",
            "prj_org_name": "上海大学",
            "prj_grant_name": "联合基金项目"
          },
          {
            "prj_no": "44fd2e45882ba8775ba22d5d34373941",
            "prj_zh_title": "基于群智演化的移动机器人网络协同决策及任务调度方法研究",
            "prj_org_name": "东北大学",
            "prj_grant_name": "面上项目"
          },
          {
            "prj_no": "33bb8c3768894362b388a597b66ff9b3",
            "prj_zh_title": "面向智能工厂的工业物联网关键技术研究",
            "prj_org_name": "华南理工大学",
            "prj_grant_name": "联合基金项目"
          },
          {
            "prj_no": "0f04c8aba921fa559a9ace03badc78a8",
            "prj_zh_title": "SDN架构下异构车联网移动性管理机制研究",
            "prj_org_name": "东北大学",
            "prj_grant_name": "面上项目"
          }
        ],
        "hasFullText": "",
        "paperVisitCount": 399,
        "paperDownloadCount": 0
      },
      {
        "id": "49993b66e765c3e0153877c4752eeae4",
        "productType": "4",
        "zhTitle": "Entropic cohering power in quantum operations",
        "authors": "Xi Zhengjun;Hu Ming-Liang;Li Yongming;Fan Heng",
        "publishYear": "2018",
        "journalName": "Quantum Information Processing",
        "country": "",
        "listInfo": " SCIE",
        "pageRange": "34#-",
        "rewardType": "",
        "rewardRank": "",
        "issuedBy": "",
        "patentNo": "",
        "issuingUnit": "",
        "isbn": "",
        "publisher": "",
        "projectInfo": [
          {
            "prj_no": "5abefd6cda262b940f97966686193bc2",
            "prj_zh_title": "基于不确定测度的定量时序逻辑的表示与可判定性研究",
            "prj_org_name": "陕西师范大学",
            "prj_grant_name": "面上项目"
          },
          {
            "prj_no": "2c9148affc1826c357d4b844d44f74f9",
            "prj_zh_title": "量子态相干性度量及其与量子关联的内在联系研究",
            "prj_org_name": "西安邮电大学",
            "prj_grant_name": "面上项目"
          },
          {
            "prj_no": "f3d7df32e89e2be739cc9fb14397028a",
            "prj_zh_title": "量子计量学前沿研究",
            "prj_org_name": "中国科学院物理研究所",
            "prj_grant_name": "重大研究计划"
          },
          {
            "prj_no": "d684a5fdf4e324b65c12c158834ca152",
            "prj_zh_title": "辅助蒸馏相干的刻画及其应用",
            "prj_org_name": "陕西师范大学",
            "prj_grant_name": "面上项目"
          }
        ],
        "hasFullText": "",
        "paperVisitCount": 396,
        "paperDownloadCount": 0
      }
    ],
    "itotalRecords": 1674428
  }
}