{
  "code": 200,
  "message": "Success",
  "data": {
    "l1_award": null,
    "l3_conference": null,
    "l4_journal": null,
    "l5_patent": null,
    "l51_book": null,
    "all_achievement": [
      {
        "id": "481010514ed917b282dca01255dc7c7e",
        "productType": "4",
        "zhTitle": "Cationic Surfactant-Type Electrolyte Additive Enables Three-Dimensional Dendrite-Free Zinc Anode for Stable Zinc-Ion Batteries",
        "authors": "Aruuhan Bayaguud;Xiao Luo;Yanpeng Fu;Changbao Zhu",
        "publishYear": "2020",
        "journalName": "ACS Energy Letters",
        "country": "",
        "listInfo": " SCIE",
        "pageRange": "3012#3020",
        "rewardType": "",
        "rewardRank": "",
        "issuedBy": "",
        "patentNo": "",
        "issuingUnit": "",
        "isbn": "",
        "publisher": "",
        "projectInfo": [
          {
            "prj_no": "5c96cc67a8bc6e7caac864cbd6336d68",
            "prj_zh_title": "钠电正极材料Na3V2(PO4)2F3的储钠性能优化及原子尺度钠脱嵌机理研究",
            "prj_org_name": "中山大学",
            "prj_grant_name": "青年科学基金项目"
          },
          {
            "prj_no": "4afdf386498909773bb625e400c67a87",
            "prj_zh_title": "基于Zn(O,S)缓冲层的Cu2ZnSn(S,Se)4薄膜太阳电池界面能带匹配和缺陷钝化研究",
            "prj_org_name": "广东工业大学",
            "prj_grant_name": "青年科学基金项目"
          }
        ],
        "hasFullText": "1100006936178",
        "paperVisitCount": 234,
        "paperDownloadCount": 1
      },
      {
        "id": "42e1b2435f423c7132cfb9858b6cf1fa",
        "productType": "4",
        "zhTitle": "Fabrication and characterization of surface modified HMX@PANI core-shell composites with enhanced thermal properties and desensitization via in situ polymerization",
        "authors": "张世杰;高振国;贾倩;刘宁;张教强;寇开昌",
        "publishYear": "2020",
        "journalName": "Applied Surface Science",
        "country": "",
        "listInfo": "无",
        "pageRange": "146042#-",
        "rewardType": "",
        "rewardRank": "",
        "issuedBy": "",
        "patentNo": "",
        "issuingUnit": "",
        "isbn": "",
        "publisher": "",
        "projectInfo": [
          {
            "prj_no": "19c195f2916fc6141b41eac964068fed",
            "prj_zh_title": "含能化合物有效共晶可控构筑的相化学与热化学研究",
            "prj_org_name": "西北工业大学",
            "prj_grant_name": "面上项目"
          }
        ],
        "hasFullText": "ZD32682429",
        "paperVisitCount": 234,
        "paperDownloadCount": 1
      },
      {
        "id": "c6f059533df6192a79545773241e2760",
        "productType": "4",
        "zhTitle": "Stretchable Electrochemical Biosensing Platform Based on Ni-MOF Composite/Au Nanoparticle-Coated Carbon Nanotubes for Real-Time Monitoring of Dopamine Released from Living Cells.",
        "authors": "Shu Yun;Lu Qin;Yuan Fan;Tao Qi;Jin Dangqin;Yao Hang;Xu Qin;Hu Xiaoya",
        "publishYear": "2020",
        "journalName": "ACS Appl Mater Interfaces",
        "country": "",
        "listInfo": " SCIE, 其他",
        "pageRange": "49480#49488",
        "rewardType": "",
        "rewardRank": "",
        "issuedBy": "",
        "patentNo": "",
        "issuingUnit": "",
        "isbn": "",
        "publisher": "",
        "projectInfo": [
          {
            "prj_no": "1439f56f38a12e625ca85f54d9563c59",
            "prj_zh_title": "基于新型近红外量子点的液滴微流控中单滴血多组分分析新方法",
            "prj_org_name": "扬州大学",
            "prj_grant_name": "青年科学基金项目"
          }
        ],
        "hasFullText": "1100006197628",
        "paperVisitCount": 234,
        "paperDownloadCount": 2
      },
      {
        "id": "fbb262700e42f181d798fbda616ec0fb",
        "productType": "4",
        "zhTitle": "垂盆草总黄酮调控Smads通路抑制肝星状细胞活化的抗肝纤维化机制研究",
        "authors": "林远灿;骆海莺;刘慧芳;杜星海",
        "publishYear": "2020",
        "journalName": "中国中药杂志",
        "country": "",
        "listInfo": " 其他",
        "pageRange": "1#7",
        "rewardType": "",
        "rewardRank": "",
        "issuedBy": "",
        "patentNo": "",
        "issuingUnit": "",
        "isbn": "",
        "publisher": "",
        "projectInfo": [
          {
            "prj_no": "19b07658fcfc2018d192fc91109f909e",
            "prj_zh_title": "垂盆草总黄酮调控DNMTs抑制肝星状细胞活化的抗肝纤维化机制研究",
            "prj_org_name": "浙江中医药大学",
            "prj_grant_name": "青年科学基金项目"
          }
        ],
        "hasFullText": "1100003320378",
        "paperVisitCount": 234,
        "paperDownloadCount": 1
      },
      {
        "id": "c129441b57c3632a880d32660ff54128",
        "productType": "4",
        "zhTitle": "基于自适应局部搜索的进化多目标稀疏重构方法",
        "authors": "刘昊霖;池金龙;邓清勇;彭鑫;裴廷睿",
        "publishYear": "2019",
        "journalName": "计算机研究与发展",
        "country": "",
        "listInfo": " EI, 其他",
        "pageRange": "1420#1431",
        "rewardType": "",
        "rewardRank": "",
        "issuedBy": "",
        "patentNo": "",
        "issuingUnit": "",
        "isbn": "",
        "publisher": "",
        "projectInfo": [
          {
            "prj_no": "f99e94c65dad8350ddce08f407ebe409",
            "prj_zh_title": "移动物联网中基于对称密钥机制的可验证隐私保护技术研究",
            "prj_org_name": "湘潭大学",
            "prj_grant_name": "面上项目"
          },
          {
            "prj_no": "5ff11b6dd53e32a82acb3df97b75772d",
            "prj_zh_title": "面向车联网的动态数据收集与恢复算法研究",
            "prj_org_name": "湘潭大学",
            "prj_grant_name": "青年科学基金项目"
          },
          {
            "prj_no": "e7cfdb4e3efc14f1c5eb80deadbd3377",
            "prj_zh_title": "车联网环境下数据驱动的云服务访问建模及任务优化策略研究",
            "prj_org_name": "湖南理工学院",
            "prj_grant_name": "面上项目"
          }
        ],
        "hasFullText": "5c241024e313a7d1caa40a648de1ecb7",
        "paperVisitCount": 234,
        "paperDownloadCount": 2
      },
      {
        "id": "059a3c472aa408b41256839a945e609a",
        "productType": "4",
        "zhTitle": "网格内不满足均匀性假设对应力场反演结果的影响---以喜马拉雅东构造结及其周边地区应力场研究为例",
        "authors": "杨帆;盛书中;万永革;王晓山;刘兆才;李瑶",
        "publishYear": "2019",
        "journalName": "地球物理学进展",
        "country": "",
        "listInfo": " 北大中文核心期刊",
        "pageRange": "479#488",
        "rewardType": "",
        "rewardRank": "",
        "issuedBy": "",
        "patentNo": "",
        "issuingUnit": "",
        "isbn": "",
        "publisher": "",
        "projectInfo": [
          {
            "prj_no": "e42d3a76330222298e063a527455c9aa",
            "prj_zh_title": "汶川地震前后的应力场时空演化研究",
            "prj_org_name": "防灾科技学院",
            "prj_grant_name": "面上项目"
          },
          {
            "prj_no": "331eca894bda53a0c8723a6730588aa8",
            "prj_zh_title": "应用综合震源机制解法研究云南地区地壳应力场时空特征",
            "prj_org_name": "东华理工大学",
            "prj_grant_name": "青年科学基金项目"
          }
        ],
        "hasFullText": "d585d7a2fdfede1c6719d9ebe80ce8ba",
        "paperVisitCount": 234,
        "paperDownloadCount": 2
      },
      {
        "id": "7333d54bb977092ef936e57a7e003126",
        "productType": "4",
        "zhTitle": "Polydopamine Dots-Based Fluorescent Nanoswitch Assay for Reversible Recognition of Glutamic Acid and Al3+ in Human Serum and Living Cell",
        "authors": "Ci Qiaoqiao;Liu Jinhua;Qin Xiaofei;Han Linqi;Li Hai;Yu Haidong;Lim Kah-Leong;Zhang Cheng-Wu;Li Lin;Huang Wei",
        "publishYear": "2018",
        "journalName": "ACS Applied Materials & Interfaces",
        "country": "",
        "listInfo": " SCIE",
        "pageRange": "35760#35769",
        "rewardType": "",
        "rewardRank": "",
        "issuedBy": "",
        "patentNo": "",
        "issuingUnit": "",
        "isbn": "",
        "publisher": "",
        "projectInfo": [
          {
            "prj_no": "e04069b6448e4005bfdb246240f8af67",
            "prj_zh_title": "开发廉价快速同时诊断多种疾病的三维纸基分析器械的研究",
            "prj_org_name": "南京工业大学",
            "prj_grant_name": "面上项目"
          },
          {
            "prj_no": "0a14ff482ad1cfd4fefce3014f019da1",
            "prj_zh_title": "双光子荧光成像脑组织中半胱天蛋白酶活性",
            "prj_org_name": "南京工业大学",
            "prj_grant_name": "青年科学基金项目"
          },
          {
            "prj_no": "68326e0ecfdef1b3049d67324085653c",
            "prj_zh_title": "单胺氧化酶在恶性胶质瘤发病机制中的作用",
            "prj_org_name": "南京工业大学",
            "prj_grant_name": "面上项目"
          }
        ],
        "hasFullText": "ZD21920838",
        "paperVisitCount": 234,
        "paperDownloadCount": 3
      },
      {
        "id": "04e2b0b6e8fc96bdf645dcce8ca38852",
        "productType": "4",
        "zhTitle": "Oxo-spirocyclic structure bridged ditopic Schiff base: A turn-on fluorescent probe for selective recognition of Zn(II) and its application in biosensing",
        "authors": "Zheng-Yi Li;Hong-Kui Su;Kun Zhou;Bao-Zhu Yang;Tangxin Xiao;Xiao-Qiang Sun;Juli Jiang;Leyong Wang",
        "publishYear": "2018",
        "journalName": "Dyes and Pigments",
        "country": "",
        "listInfo": " SCIE",
        "pageRange": "921#926",
        "rewardType": "",
        "rewardRank": "",
        "issuedBy": "",
        "patentNo": "",
        "issuingUnit": "",
        "isbn": "",
        "publisher": "",
        "projectInfo": [
          {
            "prj_no": "f8c0ecdb669828877476777aa06a1cdb",
            "prj_zh_title": "基于氧杂螺环的微手性分子的设计、合成及性能研究",
            "prj_org_name": "常州大学",
            "prj_grant_name": "面上项目"
          },
          {
            "prj_no": "49323721802a042c5e20162dcdc30004",
            "prj_zh_title": "正交自组装构筑超分子智能水凝胶及其调控",
            "prj_org_name": "常州大学",
            "prj_grant_name": "青年科学基金项目"
          }
        ],
        "hasFullText": "ZD19989614",
        "paperVisitCount": 234,
        "paperDownloadCount": 1
      },
      {
        "id": "4bdc9cb9d9dbcd57916d79071dfe5436",
        "productType": "4",
        "zhTitle": "基于混频数据的投资者情绪与股市波动效应的研究",
        "authors": "吴文诗;宋泽芳;张兴发;李元",
        "publishYear": "2022",
        "journalName": "广州大学学报:自然科学版",
        "country": "",
        "listInfo": "无",
        "pageRange": "68#79",
        "rewardType": "",
        "rewardRank": "",
        "issuedBy": "",
        "patentNo": "",
        "issuingUnit": "",
        "isbn": "",
        "publisher": "",
        "projectInfo": [
          {
            "prj_no": "de92637e6e3220898db5899ce4467a4c",
            "prj_zh_title": "非平稳与高频时间序列模型的统计推断",
            "prj_org_name": "中国科学院数学与系统科学研究院",
            "prj_grant_name": "重点项目"
          }
        ],
        "hasFullText": "ZD42149529",
        "paperVisitCount": 233,
        "paperDownloadCount": 0
      },
      {
        "id": "320a9b7acafcbeedf511aa0973680239",
        "productType": "4",
        "zhTitle": "EWT与加权多邻域粗糙集结合的旋转机械故障特征提取方法",
        "authors": "吴耀春;赵荣珍;靳伍银",
        "publishYear": "2019",
        "journalName": "振动与冲击",
        "country": "",
        "listInfo": " EI",
        "pageRange": "235#242",
        "rewardType": "",
        "rewardRank": "",
        "issuedBy": "",
        "patentNo": "",
        "issuingUnit": "",
        "isbn": "",
        "publisher": "",
        "projectInfo": [
          {
            "prj_no": "a2475af17f53c4ecd790400665fce2b2",
            "prj_zh_title": "数据驱动途径的典型旋转机械智能故障决策知识粒计算问题研究",
            "prj_org_name": "兰州理工大学",
            "prj_grant_name": "面上项目"
          }
        ],
        "hasFullText": "1100006188600",
        "paperVisitCount": 233,
        "paperDownloadCount": 1
      }
    ],
    "itotalRecords": 1674428
  }
}