{
  "code": 200,
  "message": "Success",
  "data": {
    "l1_award": null,
    "l3_conference": null,
    "l4_journal": null,
    "l5_patent": null,
    "l51_book": null,
    "all_achievement": [
      {
        "id": "99b2b8051305930f267513de6486b093",
        "productType": "4",
        "zhTitle": "OTH雷达图像的粗糙度指标及用于射频干扰自适应抑制",
        "authors": "罗忠涛;郭人铭;郭杰;何子述;卢琨",
        "publishYear": "2019",
        "journalName": "自动化学报",
        "country": "",
        "listInfo": " EI",
        "pageRange": "1#9",
        "rewardType": "",
        "rewardRank": "",
        "issuedBy": "",
        "patentNo": "",
        "issuingUnit": "",
        "isbn": "",
        "publisher": "",
        "projectInfo": [
          {
            "prj_no": "f997c34c2874218b5cb113b92e8f7da9",
            "prj_zh_title": "基于图像分析的天波雷达干扰抑制方法研究",
            "prj_org_name": "重庆邮电大学",
            "prj_grant_name": "青年科学基金项目"
          }
        ],
        "hasFullText": "ZD7759370",
        "paperVisitCount": 180,
        "paperDownloadCount": 1
      },
      {
        "id": "3969021f3e03dc4a329c3d1315299777",
        "productType": "4",
        "zhTitle": "Study on Sound Wave Scattering Effects of Different Markers Placed on Dam Face in Deepwater Reservoir",
        "authors": "Xiang Yan;Shen Guangze;Cheng Zhengfei;Zhang Kai",
        "publishYear": "2019",
        "journalName": "Advances in Civil Engineering",
        "country": "",
        "listInfo": " SCIE",
        "pageRange": "1#9",
        "rewardType": "",
        "rewardRank": "",
        "issuedBy": "",
        "patentNo": "",
        "issuingUnit": "",
        "isbn": "",
        "publisher": "",
        "projectInfo": [
          {
            "prj_no": "72c13d370fb4899b98dac6701c25b350",
            "prj_zh_title": "山区溃坝人口应急转移系统动力特性研究 ",
            "prj_org_name": "水利部交通运输部国家能源局南京水利科学研究院",
            "prj_grant_name": "面上项目"
          },
          {
            "prj_no": "e7464d76e0fe588dcc4ce1e37a03cec1",
            "prj_zh_title": "成本-收益-风险三元驱动的大坝退役评估决策方法研究",
            "prj_org_name": "水利部交通运输部国家能源局南京水利科学研究院",
            "prj_grant_name": "面上项目"
          }
        ],
        "hasFullText": "ZD24961301",
        "paperVisitCount": 180,
        "paperDownloadCount": 2
      },
      {
        "id": "3378db87952fcb873b8915f17cfb246c",
        "productType": "4",
        "zhTitle": "Isomorphic MOF-derived porous carbon materials as electrochemical sensor for simultaneous determination of hydroquinone and catechol",
        "authors": "Zheng Sining;Wu Dan;Huang Limei;Zhang Mengxin;Ma Xiuling;Zhang Zhangjing;Xiang Shengchang",
        "publishYear": "2019",
        "journalName": "Journal of Applied Electrochemistry",
        "country": "",
        "listInfo": " SCIE",
        "pageRange": "563#574",
        "rewardType": "",
        "rewardRank": "",
        "issuedBy": "",
        "patentNo": "",
        "issuingUnit": "",
        "isbn": "",
        "publisher": "",
        "projectInfo": [
          {
            "prj_no": "e1fecffaedd8e7b4bcd42922dc5e0a6b",
            "prj_zh_title": "晶态多孔材料的功能化构建宽温域高性能质子导体材料",
            "prj_org_name": "福建师范大学",
            "prj_grant_name": "面上项目"
          },
          {
            "prj_no": "31da117302d5450185385628443261e4",
            "prj_zh_title": "晶状金属有机忆阻介质的可控合成与构性关系规律研究",
            "prj_org_name": "福建师范大学",
            "prj_grant_name": "面上项目"
          }
        ],
        "hasFullText": "1100007946456",
        "paperVisitCount": 180,
        "paperDownloadCount": 2
      },
      {
        "id": "42a41467a5daf3fd090100ce1b0c833e",
        "productType": "4",
        "zhTitle": "A structure-property study of fluoranthene-cored hole-transporting materials enables 19.3% efficiency in dopant-free perovskite solar cells",
        "authors": "Sun Xianglang;Wu Fei;Zhong Cheng;Zhu Linna;Li Zhong'an",
        "publishYear": "2019",
        "journalName": "Chemical Science",
        "country": "",
        "listInfo": " SCIE",
        "pageRange": "6899#6907",
        "rewardType": "",
        "rewardRank": "",
        "issuedBy": "",
        "patentNo": "",
        "issuingUnit": "",
        "isbn": "",
        "publisher": "",
        "projectInfo": [
          {
            "prj_no": "2c0babeeb0c6b981e92f5e2f6a4d38e5",
            "prj_zh_title": "新型聚方酸菁共轭高分子的设计、合成及光伏性能研究",
            "prj_org_name": "华中科技大学",
            "prj_grant_name": "青年科学基金项目"
          },
          {
            "prj_no": "e380c82c55976baa1187b286711daf28",
            "prj_zh_title": "基于苯并噻二唑衍生物的钙钛矿太阳能电池空穴传输材料的合成及性能研究",
            "prj_org_name": "西南大学",
            "prj_grant_name": "青年科学基金项目"
          }
        ],
        "hasFullText": "1100001628754",
        "paperVisitCount": 180,
        "paperDownloadCount": 1
      },
      {
        "id": "4c39575900b21eeda68319b58bb4252b",
        "productType": "4",
        "zhTitle": "多单元二极管电容电感网络高增益直流变换器统一模型研究",
        "authors": "董卓;张岩;刘进军;李新颖;丁恺诚;王俊",
        "publishYear": "2018",
        "journalName": "中国电机工程学报",
        "country": "",
        "listInfo": " EI",
        "pageRange": "5527#5537",
        "rewardType": "",
        "rewardRank": "",
        "issuedBy": "",
        "patentNo": "",
        "issuingUnit": "",
        "isbn": "",
        "publisher": "",
        "projectInfo": [
          {
            "prj_no": "2a441e912513fb670e8b3d36c06f140d",
            "prj_zh_title": "二极管电容电感网络高增益变换器软开关及动态性能优化",
            "prj_org_name": "西安交通大学",
            "prj_grant_name": "青年科学基金项目"
          }
        ],
        "hasFullText": "",
        "paperVisitCount": 180,
        "paperDownloadCount": 0
      },
      {
        "id": "19a18c12523d6151716c65b174eac214",
        "productType": "4",
        "zhTitle": "3D porous binary-heteroatom doped carbon nanosheet/electrochemically exfoliated graphene hybrids for high performance flexible solid-state supercapacitors",
        "authors": "Liu Yuxi;Qiu Xiaoming;Liu Xiaobin;Liu Yongchang;Fan Li-Zhen",
        "publishYear": "2018",
        "journalName": "Journal of Materials Chemistry A",
        "country": "",
        "listInfo": " SCIE",
        "pageRange": "8750#8756",
        "rewardType": "",
        "rewardRank": "",
        "issuedBy": "",
        "patentNo": "",
        "issuingUnit": "",
        "isbn": "",
        "publisher": "",
        "projectInfo": [
          {
            "prj_no": "4d90dacba195d2d8fdfac3bce04de438",
            "prj_zh_title": "全固态锂电池固体电解质的关键问题",
            "prj_org_name": "北京科技大学",
            "prj_grant_name": "重点项目"
          }
        ],
        "hasFullText": "1100000566598",
        "paperVisitCount": 180,
        "paperDownloadCount": 1
      },
      {
        "id": "559877e2dbbcf2e81fc39e19e1fd9c16",
        "productType": "4",
        "zhTitle": "Construction of tendon replacement tissue based on collagen sponge and mesenchymal stem cells by coupled mechano-chemical induction and evaluation of its tendon repair abilities",
        "authors": "Bingyu Zhang;Qing Luo;Bin Deng;Yasuyuki Morita;Yang Ju;Guanbin Song",
        "publishYear": "2018",
        "journalName": "Acta Biomaterialia",
        "country": "",
        "listInfo": " SCIE",
        "pageRange": "247#259",
        "rewardType": "",
        "rewardRank": "",
        "issuedBy": "",
        "patentNo": "",
        "issuingUnit": "",
        "isbn": "",
        "publisher": "",
        "projectInfo": [
          {
            "prj_no": "14cc3185d3aa201e27e743c5bedd1d0b",
            "prj_zh_title": "力生长因子促肌腱细胞迁移的新机制：细胞核力学特性变化及其分子基础",
            "prj_org_name": "重庆大学",
            "prj_grant_name": "青年科学基金项目"
          },
          {
            "prj_no": "079e6b3da6f8587754b46f5b089baec5",
            "prj_zh_title": "力-化学耦合诱导功能性肌腱替代组织的三维构建及其修复功能评价",
            "prj_org_name": "重庆大学",
            "prj_grant_name": "面上项目"
          }
        ],
        "hasFullText": "ZD21832458",
        "paperVisitCount": 180,
        "paperDownloadCount": 2
      },
      {
        "id": "f35c79df6d0a296703e2472760d002f4",
        "productType": "4",
        "zhTitle": "基于定长序列的双向LSTM分词优化方法",
        "authors": "郭正斌;张仰森",
        "publishYear": "2018",
        "journalName": "郑州大学学报(理学版）",
        "country": "",
        "listInfo": " 北大中文核心期刊",
        "pageRange": "97#101",
        "rewardType": "",
        "rewardRank": "",
        "issuedBy": "",
        "patentNo": "",
        "issuingUnit": "",
        "isbn": "",
        "publisher": "",
        "projectInfo": [
          {
            "prj_no": "145ed11a85da142ae4d64d1ca87f78c9",
            "prj_zh_title": "基于语义的汉语新闻文本的零形回指消解研究",
            "prj_org_name": "北京信息科技大学",
            "prj_grant_name": "青年科学基金项目"
          },
          {
            "prj_no": "cdff2a9fd363ad18ffa57ab277430f62",
            "prj_zh_title": "网络社交媒体中特定社会安全事件的侦测分析与态势评估研究",
            "prj_org_name": "北京信息科技大学",
            "prj_grant_name": "面上项目"
          },
          {
            "prj_no": "eb90290efcccd44fc25046ef1515490e",
            "prj_zh_title": "基于语义分析的中文微博信息挖掘方法研究",
            "prj_org_name": "北京信息科技大学",
            "prj_grant_name": "面上项目"
          }
        ],
        "hasFullText": "ZD6576798",
        "paperVisitCount": 180,
        "paperDownloadCount": 2
      },
      {
        "id": "ac2fefd9c49bea541512de06d9e4a610",
        "productType": "4",
        "zhTitle": "钢管混凝土组合柱压弯性能试验及承载力计算",
        "authors": "柯晓军;苏益声;商效瑀;孙海洋",
        "publishYear": "2018",
        "journalName": "工程力学",
        "country": "",
        "listInfo": " EI",
        "pageRange": "134#142",
        "rewardType": "",
        "rewardRank": "",
        "issuedBy": "",
        "patentNo": "",
        "issuingUnit": "",
        "isbn": "",
        "publisher": "",
        "projectInfo": [
          {
            "prj_no": "4790cacc150ed8759de0ec0d603473d9",
            "prj_zh_title": "新型约束钢管高强混凝土组合柱的破坏机理研究",
            "prj_org_name": "广西大学",
            "prj_grant_name": "青年科学基金项目"
          },
          {
            "prj_no": "bcdc9ad34bb4a65c480bd541b1dfe92c",
            "prj_zh_title": "钢管再生混凝土混合结构体系的抗震性能及灾变控制研究",
            "prj_org_name": "广西大学",
            "prj_grant_name": "地区科学基金项目"
          },
          {
            "prj_no": "e876609040b2e68f15c0e4839ca042b4",
            "prj_zh_title": "内置预应力组合斜撑的短肢剪力墙结构的抗震性能及关键技术研究",
            "prj_org_name": "广西大学",
            "prj_grant_name": "地区科学基金项目"
          }
        ],
        "hasFullText": "1100000537637",
        "paperVisitCount": 180,
        "paperDownloadCount": 1
      },
      {
        "id": "3085b4e75ce7d77d7724dcd5b673a42d",
        "productType": "4",
        "zhTitle": "疏勒河流域植被覆盖及植物群落多样性空间分布",
        "authors": "郝媛媛;颉耀文;魏伟;穆亚超;张玲玲",
        "publishYear": "2018",
        "journalName": "兰州大学学报(自然科学版)",
        "country": "",
        "listInfo": " 北大中文核心期刊",
        "pageRange": "245#251",
        "rewardType": "",
        "rewardRank": "",
        "issuedBy": "",
        "patentNo": "",
        "issuingUnit": "",
        "isbn": "",
        "publisher": "",
        "projectInfo": [
          {
            "prj_no": "746b0498ce5cf9dc9a0c1724499ecb42",
            "prj_zh_title": "西北农牧交错带土地利用/覆盖变化对地表水热过程的影响",
            "prj_org_name": "兰州大学",
            "prj_grant_name": "重点项目"
          },
          {
            "prj_no": "057f6712a2d881b1807c1d47c05659f0",
            "prj_zh_title": "丝绸之路沿线河西段绿洲化时空过程及其驱动机制研究",
            "prj_org_name": "兰州大学",
            "prj_grant_name": "面上项目"
          }
        ],
        "hasFullText": "22000294683",
        "paperVisitCount": 180,
        "paperDownloadCount": 1
      }
    ],
    "itotalRecords": 1674428
  }
}